ID,Name,Email,Phone,City
1,Ayesha Khan,ayesha.k@example.com,03001234567,Lahore
2,Ali Raza,ali.r@example.com,03123456789,Karachi
3,Mehak Tariq,mehak.t@example.com,03219876543,Islamabad
4,Omer Siddiq,omer.s@example.com,03456789123,Faisalabad
5,Sana Malik,sana.m@example.com,03007654321,Rawalpindi
6,Usman Shah,usman.s@example.com,03334567890,Peshawar
7,Hina Javed,hina.j@example.com,03012349876,Multan
8,Zainab Iqbal,zainab.i@example.com,03112223344,Sialkot
9,Fahad Nazir,fahad.n@example.com,03451239876,Quetta
10,Maria Saeed,maria.s@example.com,03211223344,Gujranwala
